1,Adam,Larsen,cursus.purus@dictumPhasellus.edu,"Thu, 8th, 2016",RVQ81KPP8EA
2,Josephine,Daniels,elit@ultrices.edu,"Sun, 6th, 2016",JUJ50ABD8GX
3,Scarlett,Delgado,tempor.est@estNunc.ca,"Sun, 16th, 2016",UAZ82PDI0MV
4,Nell,Deleon,ad.litora.torquent@a.net,"Tue, 23rd, 2016",HZZ82CYF8LE
5,Kessie,Mccoy,neque@accumsanconvallis.com,"Sat, 8th, 2016",KZV85ZGV7VM
6,Beau,Reynolds,amet.consectetuer.adipiscing@auctorodio.co.uk,"Tue, 30th, 2015",WYT20FSA1TG
7,Declan,Cruz,ullamcorper.nisl@Etiamimperdiet.ca,"Thu, 21st, 2016",PEM00EJC6TC
8,Warren,Wilson,amet@ridiculusmus.com,"Thu, 1st, 2016",ZDG06KFP2OJ
9,Lester,Collins,mollis.vitae.posuere@etcommodo.org,"Sat, 23rd, 2016",ZCN26DBQ0PW
10,Quentin,Cox,ut@magna.ca,"Sun, 1st, 2016",ZDZ84FZT8FC
11,Tucker,Gillespie,vitae@nullavulputatedui.org,"Tue, 14th, 2017",XOL22ZXA3TB
12,Tyler,Daniels,non.magna@nibhlacinia.com,"Sun, 31st, 2016",TIE73SMO4QZ
13,Lyle,Guerrero,at@Donecconsectetuer.org,"Thu, 20th, 2016",WYM98FPU0UI
14,Libby,Harvey,ut@parturientmontes.com,"Sat, 27th, 2016",SHF50OKP9EU
15,Rahim,Summers,dolor@estacmattis.com,"Sat, 30th, 2015",JSO27NQM8MU
16,Abdul,Emerson,ac.turpis@sitametmassa.co.uk,"Mon, 10th, 2015",NYC67RDX5QI
17,Grant,Mcintyre,libero.mauris.aliquam@sociis.net,"Fri, 28th, 2015",QBW89RFO8KA
18,Deacon,Clayton,a@scelerisque.com,"Mon, 21st, 2016",ABP71TRU9ZB
19,Erin,Rocha,Nunc@vehicula.co.uk,"Wed, 2nd, 2016",ZDT37VHQ9YI
20,Libby,Puckett,Nam.ac@etipsumcursus.org,"Sun, 23rd, 2015",LRK45RLA9HM
21,Allen,Pitts,luctus@lorem.org,"Thu, 3rd, 2016",MGM33LOD8JX
22,Clinton,Washington,placerat@enimcommodohendrerit.com,"Wed, 28th, 2016",SXK77PWX7LS
23,Naida,Blackburn,Fusce.mollis@eget.com,"Tue, 10th, 2016",XEA37UKP6KL
24,Rebecca,Trujillo,nibh.lacinia.orci@Donec.co.uk,"Sun, 29th, 2016",VAF11RLS8SU
25,Nadine,Rios,ac@mollis.co.uk,"Thu, 13th, 2015",RPO19KNP9XU
26,Gannon,Saunders,posuere.enim@montesnasceturridiculus.co.uk,"Tue, 29th, 2015",ADF08BWM2ZN
27,Xena,Kaufman,eu.neque.pellentesque@elementum.net,"Wed, 2nd, 2015",GEK67YEO4VK
28,Holly,Moreno,et.nunc@etmagnis.ca,"Sat, 30th, 2015",BCR12XJD1LR
29,Hiroko,Duran,aliquet@quam.com,"Wed, 20th, 2016",DEI54YEN8JF
30,Jayme,Simon,et.risus.Quisque@pellentesquetellussem.edu,"Sun, 16th, 2015",AMS80EWF5VJ
31,Rashad,Yang,consectetuer.cursus@Integertinciduntaliquam.com,"Sun, 1st, 2016",NZN63ICH1IW
32,Adrian,Robles,facilisis.eget@blandit.edu,"Wed, 14th, 2015",TIE13SWG5BU
33,Russell,Michael,at.fringilla.purus@nequesed.com,"Sat, 21st, 2015",GZS79NGW2SQ
34,Ashton,Moody,Donec@idnuncinterdum.com,"Tue, 26th, 2016",TOF73UCF6MV
35,Mara,Petersen,consequat@arcuCurabiturut.com,"Fri, 29th, 2015",WOB26PPA5VQ
36,Guy,Booker,velit@tinciduntvehicula.net,"Thu, 16th, 2017",UKC93HND9RB
37,Silas,Conley,Lorem.ipsum.dolor@CrasinterdumNunc.org,"Sat, 4th, 2015",TLM48WNL1AW
38,Ulric,Rodgers,hendrerit@acsem.ca,"Sat, 21st, 2016",QBM07GYB6PW
39,Ishmael,Dennis,aliquet@pellentesquetellussem.ca,"Tue, 20th, 2016",VLE36CIR8WX
40,Charde,Vaughn,egestas@dolorelit.com,"Sat, 21st, 2015",SXP84XJX5MB
41,Zelenia,Roth,bibendum@nequeetnunc.com,"Sat, 30th, 2016",NTK67TPW2ZT
42,Dean,Martinez,Cum@lacusvestibulum.org,"Wed, 16th, 2016",NJX43FIH3IH
43,Fay,Mccarty,adipiscing@loremauctorquis.ca,"Thu, 19th, 2015",FTO22HRO2BF
44,Brittany,Stark,Duis.risus.odio@tristiquepellentesquetellus.com,"Sun, 27th, 2016",BLB48GLM6KL
45,Daquan,Mccarty,eget@enimEtiam.com,"Fri, 3rd, 2015",KDX01EXD7UM
46,Martin,Chan,porttitor.vulputate.posuere@aliquetProinvelit.edu,"Fri, 22nd, 2016",ZIL17NHF0XO
47,Macaulay,Mcmillan,mauris.sit@dictum.co.uk,"Sun, 18th, 2015",XVP55JFR6KV
48,Connor,Burris,nunc@tortorat.co.uk,"Wed, 2nd, 2015",UOZ29FQA2WW
49,Jocelyn,Nguyen,tincidunt.adipiscing@Crasvehicula.org,"Fri, 23rd, 2015",UVB61GPD5RC
50,Carter,Booth,lacus.Quisque.imperdiet@Namligulaelit.ca,"Mon, 22nd, 2015",WAI93JHO8VX
51,MacKenzie,Buchanan,sem@torquent.edu,"Fri, 9th, 2016",PEF80OYG7XL
52,Scarlett,Jensen,ipsum.ac@utaliquam.com,"Wed, 15th, 2015",RCK57TUW9CQ
53,TaShya,Baldwin,Integer.mollis@facilisiSedneque.org,"Thu, 15th, 2015",FSZ37RSD9PL
54,Isaac,Stephenson,a.auctor@lobortisquispede.ca,"Sat, 25th, 2016",EQU78IBH8CL
55,Alika,Joyce,eros.nec.tellus@dolor.com,"Fri, 27th, 2017",UQP21ZYN4JV
56,Dahlia,Blackwell,nec@tristique.co.uk,"Sun, 22nd, 2016",HSQ44NZS0FJ
57,Naida,Blackwell,lacus.Etiam.bibendum@MorbimetusVivamus.ca,"Mon, 12th, 2015",JDY19STR0JY
58,Plato,Stark,senectus@lobortisultrices.com,"Sat, 12th, 2016",VPF47CMN3JX
59,Kevin,Acevedo,felis@facilisisegetipsum.com,"Sun, 26th, 2015",WSX99ARO8SR
60,Aristotle,Woods,ullamcorper@nulla.org,"Sun, 1st, 2015",PIU61FIB3NC
61,Ariel,French,urna.convallis@variusultrices.edu,"Mon, 2nd, 2015",NCI97KGF4KV
62,Isaiah,Weaver,quis@consectetuer.co.uk,"Thu, 28th, 2016",OIY63GLQ5VX
63,Chanda,Juarez,Vivamus.nisi.Mauris@Proin.com,"Mon, 25th, 2015",ZXF03OCR5EZ
64,Uriah,Henson,ac@ornarelectus.org,"Sun, 16th, 2016",NXT28FZE8ZH
65,Rooney,Tanner,Aenean@nonnisi.org,"Sun, 17th, 2016",XSB63UVC1HI
66,Abraham,Pope,tristique.neque.venenatis@sodalespurus.edu,"Tue, 28th, 2017",KOR51NFG5EI
67,Alan,Romero,ultrices.mauris@etnetus.edu,"Tue, 15th, 2016",LFA75DNA7ET
68,Peter,Michael,sapien.Nunc@Mauris.org,"Tue, 21st, 2015",KXZ15LGH4PE
69,Raya,Cooper,diam@eu.net,"Sat, 17th, 2015",QCT11JSK5FF
70,Uriah,Guerrero,Duis.sit@nonbibendumsed.com,"Thu, 2nd, 2015",MZA01RKU3PA
71,Jescie,Wong,urna@parturient.org,"Sun, 5th, 2017",ZZI51CQK8PJ
72,Bernard,Hansen,aliquet@dui.com,"Wed, 17th, 2016",TVU51FFH8RU
73,Sylvia,Davidson,amet@augueSed.net,"Wed, 2nd, 2015",VUS04NFZ3OM
74,Aidan,Willis,nibh@bibendum.co.uk,"Thu, 9th, 2016",HXE77QGP8GF
75,Simone,Ware,Cras.sed@Sed.co.uk,"Mon, 13th, 2016",PAL77CRP8DI
76,Reagan,Holcomb,Donec.felis@convallisligula.com,"Thu, 25th, 2016",PAH39BET6ZX
77,Ashton,Chandler,ac.ipsum@sit.co.uk,"Sat, 18th, 2017",BQT93WWM7CQ
78,Felicia,Morris,nec.urna@ipsum.org,"Sat, 17th, 2016",ZPA32YYH9YI
79,Timon,Burnett,condimentum.eget@auctor.co.uk,"Sun, 5th, 2017",JUM17TXW9ED
80,Hamish,Figueroa,viverra@purusin.net,"Fri, 23rd, 2016",KIK54VXV1YU
81,Hashim,Guthrie,elit.erat@Maecenasiaculis.edu,"Sun, 11th, 2016",JVN84IHS1OV
82,Autumn,Pickett,lectus.Cum@arcuvel.com,"Wed, 8th, 2017",SAM24NGL6SW
83,Ryan,Johns,risus@gravidaPraesent.org,"Sat, 25th, 2017",OME29GVQ2MM
84,Raya,Acosta,libero.Integer.in@aliquet.org,"Mon, 28th, 2015",PTD44PXM4RU
85,Darius,Edwards,libero@quis.com,"Mon, 25th, 2016",SNA55IXU1DA
86,Rhonda,Scott,Cras@Innecorci.co.uk,"Sat, 15th, 2016",GZX27WUN6YO
87,Idola,Dickerson,erat@Nulla.com,"Fri, 26th, 2016",IAB32WUI3AZ
88,Murphy,Sanchez,Sed.nulla.ante@at.com,"Sun, 10th, 2015",WFP85EFZ4CY
89,Kuame,Mclean,eget.volutpat.ornare@Integer.edu,"Wed, 10th, 2016",RZQ09LCC6EU
90,Colette,Moore,ante@Fusce.com,"Wed, 30th, 2015",EHS90SRA4MQ
91,Logan,Thompson,consequat.enim@sapienCras.net,"Sun, 20th, 2016",DRM90WOY6PO
92,Nell,Berger,eget.mollis.lectus@vulputaterisusa.edu,"Tue, 1st, 2015",MZM48VXE5DO
93,Christen,Case,lobortis@dapibusrutrumjusto.net,"Mon, 21st, 2015",VPM76MKZ9ZZ
94,Rinah,Porter,Fusce.aliquet.magna@egetlaoreetposuere.net,"Mon, 21st, 2015",MXM91UPU0UI
95,Aladdin,Burgess,orci.luctus@Nuncut.org,"Wed, 2nd, 2016",BPU43DJE9YS
96,Angelica,Ruiz,mus@Sed.net,"Fri, 22nd, 2016",SRI73EIQ5BM
97,Jarrod,Workman,eget.massa.Suspendisse@dictum.co.uk,"Wed, 17th, 2016",NHU44OOU2RE
98,Eric,Christian,leo.Cras.vehicula@Integer.ca,"Mon, 6th, 2017",GGM49MTP4OM
99,Deanna,Mayo,Fusce.mollis.Duis@milacinia.co.uk,"Mon, 2nd, 2015",TBM66IOV4PS
100,Amelia,Vasquez,eget.metus@velit.com,"Tue, 24th, 2015",XSA85ZJW1MU
