1,Vladimir,Miranda,diam.Sed.diam@adipiscing.org,06/30/2016,SKS61RIO6UW
2,Forrest,Koch,vulputate@arcuAliquamultrices.ca,11/04/2016,NXI71RCA9TW
3,Paloma,Hull,risus@aliquet.org,12/12/2016,UGL84JQP3WG
4,Erica,Rasmussen,Aliquam@augue.co.uk,02/12/2016,DMK31QCZ9GY
5,Indira,Dale,diam.luctus.lobortis@adipiscing.org,11/04/2016,OPK43WIE8XM
6,Mariko,Finley,et.magnis@leoMorbi.ca,11/19/2015,BOV70EWO8OJ
7,Rahim,Carr,eget.varius.ultrices@eget.edu,12/13/2016,WWY20YTX6TZ
8,Rosalyn,Barnett,cursus.vestibulum@auctorvitae.ca,12/15/2016,UDY68HMC5HH
9,Judith,Castro,semper.pretium@lorem.com,04/05/2015,WBA12NBB8TK
10,Bertha,Hodge,nulla.Donec@metusAliquam.edu,03/10/2017,QGN19MQG8WV
11,Griffin,Wells,lacus@diamat.edu,01/29/2017,SPH69SAV7HM
12,Mariko,Underwood,neque.Sed.eget@utdolordapibus.ca,01/03/2016,FME92RDR8RC
13,Ifeoma,Ayala,amet.metus@montesnascetur.org,11/28/2015,IBH73SEX4WJ
14,Kirestin,Burton,varius.Nam@quis.org,08/30/2016,OXA12HJR5ZD
15,Jemima,Sharp,faucibus.ut@eratvitaerisus.net,08/28/2016,WVC36OCP9LE
16,Samuel,Jacobson,eget@malesuadaInteger.co.uk,12/20/2015,TOI21HWH9QY
17,Eden,Holloway,Donec@sodalesat.ca,06/02/2015,WJV24QEE3AB
18,Alden,Carey,cubilia.Curae.Donec@urnaUttincidunt.com,07/24/2016,JNQ33LMH4ZA
19,Brooke,Hahn,rhoncus.Donec@justo.edu,07/16/2016,OTP40MUH3BT
20,Cassandra,Aguirre,commodo.auctor.velit@ligula.com,03/27/2016,YDQ39PLL1JW
21,Amaya,Humphrey,quam.elementum@massa.com,02/01/2016,BNO84UOQ8XL
22,Xandra,Owens,dui@vitae.ca,02/20/2017,RQL52LOI8NR
23,Sandra,Byrd,ipsum.nunc.id@Nulla.edu,08/16/2015,RWX53OXA0LZ
24,Kelsey,Goodwin,Pellentesque.ultricies.dignissim@quisdiam.net,06/17/2015,WZX37MSC5AS
25,Elvis,Lewis,non.dui@eumetus.com,08/17/2015,LCR50GBY2UX
26,Jaime,Keith,lorem.Donec@euismodin.edu,07/26/2015,COZ38VDZ1UU
27,Holmes,Waller,penatibus.et.magnis@orciquis.edu,12/25/2016,UPD96WHF3WT
28,Wylie,Faulkner,Phasellus@atiaculisquis.com,07/27/2015,IVK44RWE6LA
29,Jonas,Newman,Donec.tempus.lorem@ante.net,11/01/2015,ALD98YDX6PO
30,Lila,Good,imperdiet.ornare@ligulaDonecluctus.ca,06/28/2015,DXD11IJR7LP
31,Patience,David,orci.in@dignissimMaecenas.co.uk,05/11/2015,QSI05PXZ2NW
32,Jordan,Franco,adipiscing@id.ca,05/26/2015,LSQ49AVC5RE
33,Evelyn,Meyer,nec.cursus.a@egestasAliquamfringilla.co.uk,04/14/2015,WSA60NAE5WM
34,Zahir,Morton,mauris.Integer@tristiquesenectus.ca,09/28/2016,BAY91WSR2EE
35,Ivan,Hancock,at.libero.Morbi@Nuncullamcorpervelit.org,10/29/2015,PDM36PWQ4UA
36,Jenna,Webster,libero.mauris.aliquam@turpisnec.edu,10/05/2016,GEC84DWD0BT
37,Rina,Spence,porttitor.tellus.non@enim.net,12/07/2015,PTF09OZK0YU
38,Kirsten,Herrera,vitae@euodio.org,04/23/2016,NDL26PSR8LD
39,Quentin,Mccarty,Nunc.lectus@ataugue.edu,06/16/2016,JOZ31BFF3ZD
40,Jolie,Rhodes,In@tellus.co.uk,08/06/2016,UGY20JGW4YD
41,Elton,Martin,eget.varius.ultrices@interdum.org,12/07/2015,RRX10SNE9QQ
42,Scarlett,Malone,sed.tortor.Integer@eleifend.org,05/20/2015,GXJ16FNV0TW
43,Kylee,Velez,varius.et@orci.co.uk,03/17/2016,EXL30DGI9YZ
44,Clinton,Chaney,blandit@Quisque.ca,07/27/2016,NLM61IZJ9PX
45,Alma,Faulkner,nec@velitPellentesque.net,01/31/2017,AVV50JEX5ZZ
46,Vielka,Bernard,lorem.ipsum@enimCurabiturmassa.ca,09/24/2015,YEH62AZP9YA
47,Quemby,Hodge,et.rutrum@consectetuerrhoncusNullam.com,01/01/2017,BOB63FPR8WP
48,Patience,Howard,Fusce@metusAliquamerat.ca,06/14/2015,YUD41LPB9VT
49,Olga,Santiago,sed@Crasvehiculaaliquet.co.uk,06/13/2016,WGJ96UNS1UW
50,Stephanie,Webb,sociis.natoque.penatibus@pretiumneque.ca,04/23/2016,PKD75HNC0MN
51,Jameson,Abbott,ultricies.ligula.Nullam@ipsumdolor.ca,12/18/2016,QKV46UXH5NF
52,Ruby,Ashley,malesuada.fringilla@eratnequenon.com,01/14/2016,WYS59GSF1VN
53,Zeus,Coffey,blandit.viverra@vitaealiquetnec.co.uk,07/18/2016,FNA19WIY8LK
54,Hadley,Copeland,orci@sedturpisnec.com,04/27/2015,TJI28CEV5QF
55,Josiah,Faulkner,Nunc@imperdietnecleo.net,05/27/2015,EFG84BDI0IV
56,Tatyana,Nash,lorem.eget@magnaNam.org,03/02/2017,SAF21MHK9XA
57,Venus,Keller,quis@egestasSed.ca,10/06/2015,ZOF47GNC6AR
58,Len,Foley,Mauris.eu@tempus.ca,05/06/2015,NAE14RQR9JW
59,Deanna,Vasquez,sodales.elit.erat@lacusAliquamrutrum.ca,07/19/2015,FUB09DXJ5RW
60,Linus,Wallace,semper@SeddictumProin.org,07/17/2016,SHO55FAW2AG
61,Walter,Gonzalez,et.malesuada.fames@semelit.edu,10/30/2016,LQK27OXE6TG
62,Buffy,Wilkinson,Duis.ac.arcu@senectusetnetus.net,09/07/2015,HWY09QPD1PA
63,Quinn,Gonzales,Sed.dictum@vulputatenisisem.ca,06/26/2015,FES85CCW5TB
64,Thomas,Irwin,egestas.urna@laciniaorci.edu,04/22/2016,DLX71VCC6DF
65,Ainsley,Fisher,eget@porttitorvulputateposuere.co.uk,05/26/2015,HPI01XEZ3TA
66,Kevin,Ratliff,Integer.mollis@etpede.com,02/05/2016,VHR36RVF8ME
67,Alana,Ware,pellentesque.Sed.dictum@lacinia.co.uk,05/31/2016,HCS77RYX6PF
68,Quyn,Mcclain,tristique@velconvallis.com,05/11/2016,UFA80SCA3PA
69,Callie,Valenzuela,tortor.Nunc@pretiumaliquet.co.uk,12/17/2016,OKC01OHJ2WI
70,Avye,Santos,eget.ipsum@risusMorbimetus.org,07/14/2016,XLY35UTK5WF
71,Raven,Kent,Cum@nec.ca,05/15/2015,QMR20ETU8DK
72,Cade,Wong,dui@mipede.com,04/16/2015,RWA61LBL8FG
73,Hakeem,Clay,ut.nisi.a@ultricies.com,10/11/2015,VPD28MAR5AA
74,Violet,Tillman,scelerisque@Vestibulum.edu,08/22/2016,XNE24WGE3TL
75,Salvador,Adkins,sit.amet@temporaugueac.com,03/06/2017,KGX96WCS5ZE
76,Kendall,Salas,non@quam.net,04/03/2015,SGT27VRJ0SN
77,Jared,Caldwell,Suspendisse.dui@arcuNuncmauris.co.uk,09/02/2016,GFR01LPQ1NV
78,Meredith,Stanton,a.enim@nullavulputate.ca,03/27/2016,IVY45WHH7GY
79,Sean,Pace,egestas.urna@eros.edu,09/19/2016,XXQ68MLC5QC
80,Hiroko,Mcintosh,tempus.lorem.fringilla@Inmipede.org,10/11/2015,BZE04TXF4ZE
81,Haley,Waller,ipsum.dolor.sit@Fuscefeugiat.co.uk,07/10/2016,OUN73OCY4GN
82,Bell,White,interdum@nuncest.co.uk,07/14/2016,NUP82SEO6UV
83,Charde,Jacobs,auctor.odio.a@turpis.co.uk,05/29/2015,FKQ22KDE6XH
84,Guinevere,Dyer,risus.Donec@Maurismolestie.ca,01/24/2017,CGU73FSA4ZN
85,Nehru,Church,arcu@euplacerat.edu,01/23/2017,LMZ24WNU6TP
86,Kieran,Wise,erat@aultriciesadipiscing.ca,10/27/2015,HHH44ZJX3KL
87,Vivien,Brown,purus@enimnisl.ca,11/23/2016,MTL53NNM0TJ
88,Colby,Wall,magna@Suspendisse.co.uk,11/28/2016,IGV48AEH1NJ
89,Giselle,Kennedy,malesuada.malesuada@elementumlorem.com,10/02/2016,KVT82WYP3PH
90,Ashely,Hicks,dictum@mi.edu,04/10/2015,SZN83WMX3GZ
91,Brenda,Nunez,elit@DonecestNunc.com,12/03/2015,MCI44ARX2FX
92,Callie,Foley,commodo.auctor.velit@arcuVestibulumante.edu,07/26/2016,JAX78ZAU5UB
93,Geraldine,Hall,quis.urna.Nunc@Mauris.edu,07/29/2015,FLC67UMV3OK
94,Xanthus,Walton,ipsum@nonluctus.net,03/28/2017,QVV89HHB1WY
95,Pearl,Frost,sed.dictum@adipiscingfringillaporttitor.com,09/13/2015,BLJ38LNG0XP
96,Maisie,Ferrell,at.velit@sollicitudina.net,09/18/2016,VOD41JOF9ZK
97,Eleanor,Dunlap,Nunc.sed.orci@Phasellusataugue.net,11/02/2016,OAG97XFM0WO
98,Vance,Kane,tincidunt.nibh.Phasellus@tincidunt.net,03/23/2017,LLP86BJL8PL
99,Brenden,Cortez,nisl.Nulla.eu@vitaeodio.ca,01/15/2017,QOB28JBD7IQ
100,Akeem,Wells,posuere.vulputate@nequeIn.com,04/19/2016,RQR07VCE0QF
